"0","library(ls)"
"2","Warning messages:
"
"2","1: "
"2","In readLines(index, encoding = encoding) :"
"2","
 "
"2"," incomplete final line found on 'C:/Users/Tom/Desktop/Latent Strat Website/index.Rmd'
"
"2","2: "
"2","In readLines(index, encoding = encoding) :"
"2","
 "
"2"," incomplete final line found on 'C:/Users/Tom/Desktop/Latent Strat Website/index.Rmd'
"
"0","knitr::opts_chunk$set(echo = FALSE)"
"0",""
"0","# Learn more about creating websites with Distill at:"
"0","# https://rstudio.github.io/distill/website.html"
"0",""
